2025-08-27-20-01-08|ARTICLE_WRITER|TRANSLATE|gpt-4o-mini|0|Building Your First AI Agent: A Step-by-Step Guide|0.93|{'content': 'Construire votre premier agent IA : Un guide étape par étape', 'additional_kwargs': {'refusal': None}, 'response_metadata': {'token_usage': {'completion_tokens': 12, 'prompt_tokens': 49, 'total_tokens': 61, 'completion_tokens_details': {'accepted_prediction_tokens': 0, 'audio_tokens': 0, 'reasoning_tokens': 0, 'rejected_prediction_tokens': 0}, 'prompt_tokens_details': {'audio_tokens': 0, 'cached_tokens': 0}}, 'model_name': 'gpt-4o-mini-2024-07-18', 'system_fingerprint': 'fp_51db84afab', 'finish_reason': 'stop', 'logprobs': None}, 'type': 'ai', 'name': None, 'id': 'run-0390b0af-285a-4c29-bdb1-c8ed483b51f4-0', 'example': False, 'tool_calls': [], 'invalid_tool_calls': [], 'usage_metadata': {'input_tokens': 49, 'output_tokens': 12, 'total_tokens': 61}}
2025-08-27-20-01-26|ARTICLE_WRITER|TRANSLATE|gpt-4o-mini|0|Why AI Agents Will Replace Traditional Software|0.74|{'content': "Pourquoi les agents d'IA remplaceront les logiciels traditionnels", 'additional_kwargs': {'refusal': None}, 'response_metadata': {'token_usage': {'completion_tokens': 12, 'prompt_tokens': 45, 'total_tokens': 57, 'completion_tokens_details': {'accepted_prediction_tokens': 0, 'audio_tokens': 0, 'reasoning_tokens': 0, 'rejected_prediction_tokens': 0}, 'prompt_tokens_details': {'audio_tokens': 0, 'cached_tokens': 0}}, 'model_name': 'gpt-4o-mini-2024-07-18', 'system_fingerprint': 'fp_560af6e559', 'finish_reason': 'stop', 'logprobs': None}, 'type': 'ai', 'name': None, 'id': 'run-56d21984-9a84-42e7-9cde-328c459c7a98-0', 'example': False, 'tool_calls': [], 'invalid_tool_calls': [], 'usage_metadata': {'input_tokens': 45, 'output_tokens': 12, 'total_tokens': 57}}
2025-08-27-20-01-46|ARTICLE_WRITER|TRANSLATE|gpt-4o-mini|0|The Ethics of Autonomous AI Decision-Making|0.53|{'content': "L'éthique de la prise de décision autonome par l'IA", 'additional_kwargs': {'refusal': None}, 'response_metadata': {'token_usage': {'completion_tokens': 13, 'prompt_tokens': 46, 'total_tokens': 59, 'completion_tokens_details': {'accepted_prediction_tokens': 0, 'audio_tokens': 0, 'reasoning_tokens': 0, 'rejected_prediction_tokens': 0}, 'prompt_tokens_details': {'audio_tokens': 0, 'cached_tokens': 0}}, 'model_name': 'gpt-4o-mini-2024-07-18', 'system_fingerprint': 'fp_560af6e559', 'finish_reason': 'stop', 'logprobs': None}, 'type': 'ai', 'name': None, 'id': 'run-ac66f62f-2d11-431d-a5ad-2eb991129242-0', 'example': False, 'tool_calls': [], 'invalid_tool_calls': [], 'usage_metadata': {'input_tokens': 46, 'output_tokens': 13, 'total_tokens': 59}}
2025-08-27-20-02-00|ARTICLE_WRITER|TRANSLATE|gpt-4o-mini|0|Multi-Agent Systems: When AI Agents Work Together|0.79|{'content': 'Systèmes Multi-Agents : Quand les Agents IA Travaillent Ensemble', 'additional_kwargs': {'refusal': None}, 'response_metadata': {'token_usage': {'completion_tokens': 15, 'prompt_tokens': 47, 'total_tokens': 62, 'completion_tokens_details': {'accepted_prediction_tokens': 0, 'audio_tokens': 0, 'reasoning_tokens': 0, 'rejected_prediction_tokens': 0}, 'prompt_tokens_details': {'audio_tokens': 0, 'cached_tokens': 0}}, 'model_name': 'gpt-4o-mini-2024-07-18', 'system_fingerprint': 'fp_560af6e559', 'finish_reason': 'stop', 'logprobs': None}, 'type': 'ai', 'name': None, 'id': 'run-a0201a18-d12c-4c32-8f62-7245da6d7cf8-0', 'example': False, 'tool_calls': [], 'invalid_tool_calls': [], 'usage_metadata': {'input_tokens': 47, 'output_tokens': 15, 'total_tokens': 62}}
2025-08-27-20-02-15|ARTICLE_WRITER|TRANSLATE|gpt-4o-mini|0|From Chatbots to AI Agents: The Evolution of Conversational AI|0.81|{'content': "Des chatbots aux agents IA : L'évolution de l'IA conversationnelle", 'additional_kwargs': {'refusal': None}, 'response_metadata': {'token_usage': {'completion_tokens': 15, 'prompt_tokens': 51, 'total_tokens': 66, 'completion_tokens_details': {'accepted_prediction_tokens': 0, 'audio_tokens': 0, 'reasoning_tokens': 0, 'rejected_prediction_tokens': 0}, 'prompt_tokens_details': {'audio_tokens': 0, 'cached_tokens': 0}}, 'model_name': 'gpt-4o-mini-2024-07-18', 'system_fingerprint': 'fp_51db84afab', 'finish_reason': 'stop', 'logprobs': None}, 'type': 'ai', 'name': None, 'id': 'run-fd30e08b-542a-44ab-98e7-e22bcb5993a4-0', 'example': False, 'tool_calls': [], 'invalid_tool_calls': [], 'usage_metadata': {'input_tokens': 51, 'output_tokens': 15, 'total_tokens': 66}}
2025-08-27-20-02-30|ARTICLE_WRITER|TRANSLATE|gpt-4o-mini|0|AI Agent Security: Protecting Against Prompt Injection Attacks|1.91|{'content': "Sécurité des agents d'IA : Protéger contre les attaques par injection de prompt", 'additional_kwargs': {'refusal': None}, 'response_metadata': {'token_usage': {'completion_tokens': 18, 'prompt_tokens': 49, 'total_tokens': 67, 'completion_tokens_details': {'accepted_prediction_tokens': 0, 'audio_tokens': 0, 'reasoning_tokens': 0, 'rejected_prediction_tokens': 0}, 'prompt_tokens_details': {'audio_tokens': 0, 'cached_tokens': 0}}, 'model_name': 'gpt-4o-mini-2024-07-18', 'system_fingerprint': 'fp_560af6e559', 'finish_reason': 'stop', 'logprobs': None}, 'type': 'ai', 'name': None, 'id': 'run-09eab3a8-ebcd-4377-8f6b-56cf3dc5a148-0', 'example': False, 'tool_calls': [], 'invalid_tool_calls': [], 'usage_metadata': {'input_tokens': 49, 'output_tokens': 18, 'total_tokens': 67}}
2025-08-27-20-02-44|ARTICLE_WRITER|TRANSLATE|gpt-4o-mini|0|The Future of Work: How AI Agents Will Transform Industries|2.17|{'content': "L'avenir du travail : Comment les agents d'IA transformeront les industries", 'additional_kwargs': {'refusal': None}, 'response_metadata': {'token_usage': {'completion_tokens': 15, 'prompt_tokens': 49, 'total_tokens': 64, 'completion_tokens_details': {'accepted_prediction_tokens': 0, 'audio_tokens': 0, 'reasoning_tokens': 0, 'rejected_prediction_tokens': 0}, 'prompt_tokens_details': {'audio_tokens': 0, 'cached_tokens': 0}}, 'model_name': 'gpt-4o-mini-2024-07-18', 'system_fingerprint': 'fp_560af6e559', 'finish_reason': 'stop', 'logprobs': None}, 'type': 'ai', 'name': None, 'id': 'run-94987a2e-c095-4fcd-936f-08d28883b87c-0', 'example': False, 'tool_calls': [], 'invalid_tool_calls': [], 'usage_metadata': {'input_tokens': 49, 'output_tokens': 15, 'total_tokens': 64}}
2025-08-27-20-02-58|ARTICLE_WRITER|TRANSLATE|gpt-4o-mini|0|Training AI Agents with Reinforcement Learning|0.77|{'content': "Former des agents d'IA avec l'apprentissage par renforcement", 'additional_kwargs': {'refusal': None}, 'response_metadata': {'token_usage': {'completion_tokens': 13, 'prompt_tokens': 45, 'total_tokens': 58, 'completion_tokens_details': {'accepted_prediction_tokens': 0, 'audio_tokens': 0, 'reasoning_tokens': 0, 'rejected_prediction_tokens': 0}, 'prompt_tokens_details': {'audio_tokens': 0, 'cached_tokens': 0}}, 'model_name': 'gpt-4o-mini-2024-07-18', 'system_fingerprint': 'fp_560af6e559', 'finish_reason': 'stop', 'logprobs': None}, 'type': 'ai', 'name': None, 'id': 'run-ce236a8d-8998-4e4d-8c8e-115e3c50e532-0', 'example': False, 'tool_calls': [], 'invalid_tool_calls': [], 'usage_metadata': {'input_tokens': 45, 'output_tokens': 13, 'total_tokens': 58}}
2025-08-27-20-03-15|ARTICLE_WRITER|TRANSLATE|gpt-4o-mini|0|AI Agent Memory Systems: Making Machines Remember|0.66|{'content': 'Systèmes de Mémoire des Agents IA : Faire en Sorte que les Machines se Souviennent', 'additional_kwargs': {'refusal': None}, 'response_metadata': {'token_usage': {'completion_tokens': 20, 'prompt_tokens': 46, 'total_tokens': 66, 'completion_tokens_details': {'accepted_prediction_tokens': 0, 'audio_tokens': 0, 'reasoning_tokens': 0, 'rejected_prediction_tokens': 0}, 'prompt_tokens_details': {'audio_tokens': 0, 'cached_tokens': 0}}, 'model_name': 'gpt-4o-mini-2024-07-18', 'system_fingerprint': 'fp_560af6e559', 'finish_reason': 'stop', 'logprobs': None}, 'type': 'ai', 'name': None, 'id': 'run-1c409a31-49df-4446-b4e4-0c0d23b4a0c7-0', 'example': False, 'tool_calls': [], 'invalid_tool_calls': [], 'usage_metadata': {'input_tokens': 46, 'output_tokens': 20, 'total_tokens': 66}}
2025-08-27-20-03-30|ARTICLE_WRITER|TRANSLATE|gpt-4o-mini|0|Swarm Intelligence: What Ant Colonies Teach Us About AI|1.18|{'content': "Intelligence Collective : Ce que les colonies de fourmis nous apprennent sur l'IA", 'additional_kwargs': {'refusal': None}, 'response_metadata': {'token_usage': {'completion_tokens': 18, 'prompt_tokens': 50, 'total_tokens': 68, 'completion_tokens_details': {'accepted_prediction_tokens': 0, 'audio_tokens': 0, 'reasoning_tokens': 0, 'rejected_prediction_tokens': 0}, 'prompt_tokens_details': {'audio_tokens': 0, 'cached_tokens': 0}}, 'model_name': 'gpt-4o-mini-2024-07-18', 'system_fingerprint': 'fp_560af6e559', 'finish_reason': 'stop', 'logprobs': None}, 'type': 'ai', 'name': None, 'id': 'run-f02ad32e-623c-4e61-ae58-9b0b68bdfa5c-0', 'example': False, 'tool_calls': [], 'invalid_tool_calls': [], 'usage_metadata': {'input_tokens': 50, 'output_tokens': 18, 'total_tokens': 68}}
2025-08-27-20-03-45|ARTICLE_WRITER|TRANSLATE|gpt-4o-mini|0|Building Trustworthy AI Agents for Healthcare|0.76|{'content': "Construire des agents d'IA fiables pour la santé", 'additional_kwargs': {'refusal': None}, 'response_metadata': {'token_usage': {'completion_tokens': 11, 'prompt_tokens': 45, 'total_tokens': 56, 'completion_tokens_details': {'accepted_prediction_tokens': 0, 'audio_tokens': 0, 'reasoning_tokens': 0, 'rejected_prediction_tokens': 0}, 'prompt_tokens_details': {'audio_tokens': 0, 'cached_tokens': 0}}, 'model_name': 'gpt-4o-mini-2024-07-18', 'system_fingerprint': 'fp_560af6e559', 'finish_reason': 'stop', 'logprobs': None}, 'type': 'ai', 'name': None, 'id': 'run-a2589fd4-de3e-4349-9218-9e24fb67f4ad-0', 'example': False, 'tool_calls': [], 'invalid_tool_calls': [], 'usage_metadata': {'input_tokens': 45, 'output_tokens': 11, 'total_tokens': 56}}
2025-08-27-20-04-00|ARTICLE_WRITER|TRANSLATE|gpt-4o-mini|0|The Economics of AI Agents: Cost vs. Human Labor|0.83|{'content': "L'économie des agents d'IA : Coût vs. Travail humain", 'additional_kwargs': {'refusal': None}, 'response_metadata': {'token_usage': {'completion_tokens': 14, 'prompt_tokens': 49, 'total_tokens': 63, 'completion_tokens_details': {'accepted_prediction_tokens': 0, 'audio_tokens': 0, 'reasoning_tokens': 0, 'rejected_prediction_tokens': 0}, 'prompt_tokens_details': {'audio_tokens': 0, 'cached_tokens': 0}}, 'model_name': 'gpt-4o-mini-2024-07-18', 'system_fingerprint': 'fp_560af6e559', 'finish_reason': 'stop', 'logprobs': None}, 'type': 'ai', 'name': None, 'id': 'run-4636ea3a-93e4-474a-a91b-b9b6bfbf6343-0', 'example': False, 'tool_calls': [], 'invalid_tool_calls': [], 'usage_metadata': {'input_tokens': 49, 'output_tokens': 14, 'total_tokens': 63}}
2025-08-27-20-04-19|ARTICLE_WRITER|TRANSLATE|gpt-4o-mini|0|AI Agents in Gaming: Creating Intelligent NPCs|0.84|{'content': 'Agents IA dans les jeux vidéo : Créer des PNJ intelligents', 'additional_kwargs': {'refusal': None}, 'response_metadata': {'token_usage': {'completion_tokens': 14, 'prompt_tokens': 47, 'total_tokens': 61, 'completion_tokens_details': {'accepted_prediction_tokens': 0, 'audio_tokens': 0, 'reasoning_tokens': 0, 'rejected_prediction_tokens': 0}, 'prompt_tokens_details': {'audio_tokens': 0, 'cached_tokens': 0}}, 'model_name': 'gpt-4o-mini-2024-07-18', 'system_fingerprint': 'fp_560af6e559', 'finish_reason': 'stop', 'logprobs': None}, 'type': 'ai', 'name': None, 'id': 'run-4c9cfb5c-f216-4877-8c56-17702b704e2f-0', 'example': False, 'tool_calls': [], 'invalid_tool_calls': [], 'usage_metadata': {'input_tokens': 47, 'output_tokens': 14, 'total_tokens': 61}}
2025-08-27-20-04-39|ARTICLE_WRITER|TRANSLATE|gpt-4o-mini|0|Debugging AI Agent Behavior: Tools and Techniques|0.92|{'content': 'Débogage du Comportement des Agents IA : Outils et Techniques', 'additional_kwargs': {'refusal': None}, 'response_metadata': {'token_usage': {'completion_tokens': 15, 'prompt_tokens': 47, 'total_tokens': 62, 'completion_tokens_details': {'accepted_prediction_tokens': 0, 'audio_tokens': 0, 'reasoning_tokens': 0, 'rejected_prediction_tokens': 0}, 'prompt_tokens_details': {'audio_tokens': 0, 'cached_tokens': 0}}, 'model_name': 'gpt-4o-mini-2024-07-18', 'system_fingerprint': 'fp_560af6e559', 'finish_reason': 'stop', 'logprobs': None}, 'type': 'ai', 'name': None, 'id': 'run-7d617284-ce9e-4f08-983d-b4947611bd0b-0', 'example': False, 'tool_calls': [], 'invalid_tool_calls': [], 'usage_metadata': {'input_tokens': 47, 'output_tokens': 15, 'total_tokens': 62}}
2025-08-27-20-04-52|ARTICLE_WRITER|TRANSLATE|gpt-4o-mini|0|AI Agent Orchestration: Managing Complex Workflows|0.69|{'content': 'Orchestration des agents IA : Gestion des flux de travail complexes', 'additional_kwargs': {'refusal': None}, 'response_metadata': {'token_usage': {'completion_tokens': 13, 'prompt_tokens': 48, 'total_tokens': 61, 'completion_tokens_details': {'accepted_prediction_tokens': 0, 'audio_tokens': 0, 'reasoning_tokens': 0, 'rejected_prediction_tokens': 0}, 'prompt_tokens_details': {'audio_tokens': 0, 'cached_tokens': 0}}, 'model_name': 'gpt-4o-mini-2024-07-18', 'system_fingerprint': 'fp_51db84afab', 'finish_reason': 'stop', 'logprobs': None}, 'type': 'ai', 'name': None, 'id': 'run-d445bb56-d5ef-4181-9729-ec9ab61a9872-0', 'example': False, 'tool_calls': [], 'invalid_tool_calls': [], 'usage_metadata': {'input_tokens': 48, 'output_tokens': 13, 'total_tokens': 61}}
2025-08-27-20-05-07|ARTICLE_WRITER|TRANSLATE|gpt-4o-mini|0|Natural Language Processing for AI Agent Communication|0.83|{'content': 'Traitement du langage naturel pour la communication des agents IA', 'additional_kwargs': {'refusal': None}, 'response_metadata': {'token_usage': {'completion_tokens': 11, 'prompt_tokens': 45, 'total_tokens': 56, 'completion_tokens_details': {'accepted_prediction_tokens': 0, 'audio_tokens': 0, 'reasoning_tokens': 0, 'rejected_prediction_tokens': 0}, 'prompt_tokens_details': {'audio_tokens': 0, 'cached_tokens': 0}}, 'model_name': 'gpt-4o-mini-2024-07-18', 'system_fingerprint': 'fp_560af6e559', 'finish_reason': 'stop', 'logprobs': None}, 'type': 'ai', 'name': None, 'id': 'run-968623ac-535d-4136-9a63-9a96d41220f2-0', 'example': False, 'tool_calls': [], 'invalid_tool_calls': [], 'usage_metadata': {'input_tokens': 45, 'output_tokens': 11, 'total_tokens': 56}}
2025-08-27-20-05-22|ARTICLE_WRITER|TRANSLATE|gpt-4o-mini|0|AI Agents and Privacy: Balancing Personalization with Protection|1.26|{'content': 'Agents IA et Confidentialité : Équilibrer Personnalisation et Protection', 'additional_kwargs': {'refusal': None}, 'response_metadata': {'token_usage': {'completion_tokens': 15, 'prompt_tokens': 49, 'total_tokens': 64, 'completion_tokens_details': {'accepted_prediction_tokens': 0, 'audio_tokens': 0, 'reasoning_tokens': 0, 'rejected_prediction_tokens': 0}, 'prompt_tokens_details': {'audio_tokens': 0, 'cached_tokens': 0}}, 'model_name': 'gpt-4o-mini-2024-07-18', 'system_fingerprint': 'fp_560af6e559', 'finish_reason': 'stop', 'logprobs': None}, 'type': 'ai', 'name': None, 'id': 'run-01547744-b6bf-4eb6-9a91-b165a9f8e12b-0', 'example': False, 'tool_calls': [], 'invalid_tool_calls': [], 'usage_metadata': {'input_tokens': 49, 'output_tokens': 15, 'total_tokens': 64}}
2025-08-27-20-05-37|ARTICLE_WRITER|TRANSLATE|gpt-4o-mini|0|Building Explainable AI Agents for Critical Applications|0.53|{'content': "Construire des agents d'IA explicables pour des applications critiques", 'additional_kwargs': {'refusal': None}, 'response_metadata': {'token_usage': {'completion_tokens': 13, 'prompt_tokens': 46, 'total_tokens': 59, 'completion_tokens_details': {'accepted_prediction_tokens': 0, 'audio_tokens': 0, 'reasoning_tokens': 0, 'rejected_prediction_tokens': 0}, 'prompt_tokens_details': {'audio_tokens': 0, 'cached_tokens': 0}}, 'model_name': 'gpt-4o-mini-2024-07-18', 'system_fingerprint': 'fp_560af6e559', 'finish_reason': 'stop', 'logprobs': None}, 'type': 'ai', 'name': None, 'id': 'run-a4c1bc92-1603-4cf3-948e-de484894311a-0', 'example': False, 'tool_calls': [], 'invalid_tool_calls': [], 'usage_metadata': {'input_tokens': 46, 'output_tokens': 13, 'total_tokens': 59}}
2025-08-27-20-05-56|ARTICLE_WRITER|TRANSLATE|gpt-4o-mini|0|AI Agent Testing: Ensuring Reliability in Production|0.81|{'content': 'Test des agents IA : Assurer la fiabilité en production', 'additional_kwargs': {'refusal': None}, 'response_metadata': {'token_usage': {'completion_tokens': 12, 'prompt_tokens': 47, 'total_tokens': 59, 'completion_tokens_details': {'accepted_prediction_tokens': 0, 'audio_tokens': 0, 'reasoning_tokens': 0, 'rejected_prediction_tokens': 0}, 'prompt_tokens_details': {'audio_tokens': 0, 'cached_tokens': 0}}, 'model_name': 'gpt-4o-mini-2024-07-18', 'system_fingerprint': 'fp_560af6e559', 'finish_reason': 'stop', 'logprobs': None}, 'type': 'ai', 'name': None, 'id': 'run-5451c526-3d45-49f5-beaf-0c12e47dcaeb-0', 'example': False, 'tool_calls': [], 'invalid_tool_calls': [], 'usage_metadata': {'input_tokens': 47, 'output_tokens': 12, 'total_tokens': 59}}
2025-08-27-20-06-12|ARTICLE_WRITER|TRANSLATE|gpt-4o-mini|0|The Role of AI Agents in Scientific Discovery|1.24|{'content': 'Le Rôle des Agents IA dans la Découverte Scientifique', 'additional_kwargs': {'refusal': None}, 'response_metadata': {'token_usage': {'completion_tokens': 12, 'prompt_tokens': 46, 'total_tokens': 58, 'completion_tokens_details': {'accepted_prediction_tokens': 0, 'audio_tokens': 0, 'reasoning_tokens': 0, 'rejected_prediction_tokens': 0}, 'prompt_tokens_details': {'audio_tokens': 0, 'cached_tokens': 0}}, 'model_name': 'gpt-4o-mini-2024-07-18', 'system_fingerprint': 'fp_560af6e559', 'finish_reason': 'stop', 'logprobs': None}, 'type': 'ai', 'name': None, 'id': 'run-14d87c49-37aa-4ab2-b50b-2c3718c44afc-0', 'example': False, 'tool_calls': [], 'invalid_tool_calls': [], 'usage_metadata': {'input_tokens': 46, 'output_tokens': 12, 'total_tokens': 58}}
2025-08-27-20-06-28|ARTICLE_WRITER|TRANSLATE|gpt-4o-mini|0|Democratizing AI: Making Agent Development Accessible|0.84|{'content': "Démocratiser l'IA : Rendre le développement d'agents accessible", 'additional_kwargs': {'refusal': None}, 'response_metadata': {'token_usage': {'completion_tokens': 17, 'prompt_tokens': 46, 'total_tokens': 63, 'completion_tokens_details': {'accepted_prediction_tokens': 0, 'audio_tokens': 0, 'reasoning_tokens': 0, 'rejected_prediction_tokens': 0}, 'prompt_tokens_details': {'audio_tokens': 0, 'cached_tokens': 0}}, 'model_name': 'gpt-4o-mini-2024-07-18', 'system_fingerprint': 'fp_560af6e559', 'finish_reason': 'stop', 'logprobs': None}, 'type': 'ai', 'name': None, 'id': 'run-5ae7d65f-b508-477d-9e65-1767a71b1027-0', 'example': False, 'tool_calls': [], 'invalid_tool_calls': [], 'usage_metadata': {'input_tokens': 46, 'output_tokens': 17, 'total_tokens': 63}}
2025-08-27-20-06-46|ARTICLE_WRITER|TRANSLATE|gpt-4o-mini|0|AI Agents and Creativity: Can Machines Be Truly Original?|0.84|{'content': 'Agents IA et Créativité : Les Machines Peuvent-elles Être Vraiment Originales ?', 'additional_kwargs': {'refusal': None}, 'response_metadata': {'token_usage': {'completion_tokens': 19, 'prompt_tokens': 49, 'total_tokens': 68, 'completion_tokens_details': {'accepted_prediction_tokens': 0, 'audio_tokens': 0, 'reasoning_tokens': 0, 'rejected_prediction_tokens': 0}, 'prompt_tokens_details': {'audio_tokens': 0, 'cached_tokens': 0}}, 'model_name': 'gpt-4o-mini-2024-07-18', 'system_fingerprint': 'fp_560af6e559', 'finish_reason': 'stop', 'logprobs': None}, 'type': 'ai', 'name': None, 'id': 'run-78d423d1-8f39-4b1b-b00d-976150aeee05-0', 'example': False, 'tool_calls': [], 'invalid_tool_calls': [], 'usage_metadata': {'input_tokens': 49, 'output_tokens': 19, 'total_tokens': 68}}
2025-08-27-20-07-02|ARTICLE_WRITER|TRANSLATE|gpt-4o-mini|0|Scaling AI Agent Deployments: Lessons from the Trenches|0.84|{'content': "Déployer des agents d'IA à grande échelle : Leçons des tranchées", 'additional_kwargs': {'refusal': None}, 'response_metadata': {'token_usage': {'completion_tokens': 18, 'prompt_tokens': 49, 'total_tokens': 67, 'completion_tokens_details': {'accepted_prediction_tokens': 0, 'audio_tokens': 0, 'reasoning_tokens': 0, 'rejected_prediction_tokens': 0}, 'prompt_tokens_details': {'audio_tokens': 0, 'cached_tokens': 0}}, 'model_name': 'gpt-4o-mini-2024-07-18', 'system_fingerprint': 'fp_560af6e559', 'finish_reason': 'stop', 'logprobs': None}, 'type': 'ai', 'name': None, 'id': 'run-6de48828-f7e4-4397-8293-30086ea86855-0', 'example': False, 'tool_calls': [], 'invalid_tool_calls': [], 'usage_metadata': {'input_tokens': 49, 'output_tokens': 18, 'total_tokens': 67}}
2025-08-27-20-07-18|ARTICLE_WRITER|TRANSLATE|gpt-4o-mini|0|AI Agent Bias: Detection and Mitigation Strategies|0.81|{'content': "Biais des agents d'IA : stratégies de détection et d'atténuation", 'additional_kwargs': {'refusal': None}, 'response_metadata': {'token_usage': {'completion_tokens': 17, 'prompt_tokens': 47, 'total_tokens': 64, 'completion_tokens_details': {'accepted_prediction_tokens': 0, 'audio_tokens': 0, 'reasoning_tokens': 0, 'rejected_prediction_tokens': 0}, 'prompt_tokens_details': {'audio_tokens': 0, 'cached_tokens': 0}}, 'model_name': 'gpt-4o-mini-2024-07-18', 'system_fingerprint': 'fp_560af6e559', 'finish_reason': 'stop', 'logprobs': None}, 'type': 'ai', 'name': None, 'id': 'run-f112747b-c599-4378-aad7-19782fe78928-0', 'example': False, 'tool_calls': [], 'invalid_tool_calls': [], 'usage_metadata': {'input_tokens': 47, 'output_tokens': 17, 'total_tokens': 64}}
2025-08-27-20-07-35|ARTICLE_WRITER|TRANSLATE|gpt-4o-mini|0|The Neuroscience Behind AI Agent Decision-Making|0.65|{'content': "La neuroscience derrière la prise de décision des agents d'IA", 'additional_kwargs': {'refusal': None}, 'response_metadata': {'token_usage': {'completion_tokens': 12, 'prompt_tokens': 47, 'total_tokens': 59, 'completion_tokens_details': {'accepted_prediction_tokens': 0, 'audio_tokens': 0, 'reasoning_tokens': 0, 'rejected_prediction_tokens': 0}, 'prompt_tokens_details': {'audio_tokens': 0, 'cached_tokens': 0}}, 'model_name': 'gpt-4o-mini-2024-07-18', 'system_fingerprint': 'fp_560af6e559', 'finish_reason': 'stop', 'logprobs': None}, 'type': 'ai', 'name': None, 'id': 'run-3f90fc11-ebd8-460b-b86e-796f8d499fe8-0', 'example': False, 'tool_calls': [], 'invalid_tool_calls': [], 'usage_metadata': {'input_tokens': 47, 'output_tokens': 12, 'total_tokens': 59}}
2025-08-27-20-07-51|ARTICLE_WRITER|TRANSLATE|gpt-4o-mini|0|AI Agents in Edge Computing: Processing at the Source|0.79|{'content': "Agents IA dans l'informatique en périphérie : Traitement à la source", 'additional_kwargs': {'refusal': None}, 'response_metadata': {'token_usage': {'completion_tokens': 16, 'prompt_tokens': 48, 'total_tokens': 64, 'completion_tokens_details': {'accepted_prediction_tokens': 0, 'audio_tokens': 0, 'reasoning_tokens': 0, 'rejected_prediction_tokens': 0}, 'prompt_tokens_details': {'audio_tokens': 0, 'cached_tokens': 0}}, 'model_name': 'gpt-4o-mini-2024-07-18', 'system_fingerprint': 'fp_560af6e559', 'finish_reason': 'stop', 'logprobs': None}, 'type': 'ai', 'name': None, 'id': 'run-01f607dc-0dd2-451e-8d55-bfcea909c79a-0', 'example': False, 'tool_calls': [], 'invalid_tool_calls': [], 'usage_metadata': {'input_tokens': 48, 'output_tokens': 16, 'total_tokens': 64}}
2025-08-27-20-08-08|ARTICLE_WRITER|TRANSLATE|gpt-4o-mini|0|Conversational AI Agents: Beyond Question and Answer|0.74|{'content': "Agents d'IA conversationnelle : Au-delà des questions et réponses", 'additional_kwargs': {'refusal': None}, 'response_metadata': {'token_usage': {'completion_tokens': 13, 'prompt_tokens': 47, 'total_tokens': 60, 'completion_tokens_details': {'accepted_prediction_tokens': 0, 'audio_tokens': 0, 'reasoning_tokens': 0, 'rejected_prediction_tokens': 0}, 'prompt_tokens_details': {'audio_tokens': 0, 'cached_tokens': 0}}, 'model_name': 'gpt-4o-mini-2024-07-18', 'system_fingerprint': 'fp_560af6e559', 'finish_reason': 'stop', 'logprobs': None}, 'type': 'ai', 'name': None, 'id': 'run-87946ca8-840b-4317-a8af-60530e59cccc-0', 'example': False, 'tool_calls': [], 'invalid_tool_calls': [], 'usage_metadata': {'input_tokens': 47, 'output_tokens': 13, 'total_tokens': 60}}
2025-08-27-20-08-24|ARTICLE_WRITER|TRANSLATE|gpt-4o-mini|0|AI Agent Interoperability: Making Different Systems Work Together|0.81|{'content': 'Interopérabilité des agents IA : Faire fonctionner différents systèmes ensemble', 'additional_kwargs': {'refusal': None}, 'response_metadata': {'token_usage': {'completion_tokens': 12, 'prompt_tokens': 49, 'total_tokens': 61, 'completion_tokens_details': {'accepted_prediction_tokens': 0, 'audio_tokens': 0, 'reasoning_tokens': 0, 'rejected_prediction_tokens': 0}, 'prompt_tokens_details': {'audio_tokens': 0, 'cached_tokens': 0}}, 'model_name': 'gpt-4o-mini-2024-07-18', 'system_fingerprint': 'fp_560af6e559', 'finish_reason': 'stop', 'logprobs': None}, 'type': 'ai', 'name': None, 'id': 'run-1805c9d8-e356-4d81-a4bc-fe0366c76690-0', 'example': False, 'tool_calls': [], 'invalid_tool_calls': [], 'usage_metadata': {'input_tokens': 49, 'output_tokens': 12, 'total_tokens': 61}}
2025-08-27-20-08-40|ARTICLE_WRITER|TRANSLATE|gpt-4o-mini|0|The Environmental Impact of AI Agent Infrastructure|0.73|{'content': "L'impact environnemental de l'infrastructure des agents d'IA", 'additional_kwargs': {'refusal': None}, 'response_metadata': {'token_usage': {'completion_tokens': 14, 'prompt_tokens': 45, 'total_tokens': 59, 'completion_tokens_details': {'accepted_prediction_tokens': 0, 'audio_tokens': 0, 'reasoning_tokens': 0, 'rejected_prediction_tokens': 0}, 'prompt_tokens_details': {'audio_tokens': 0, 'cached_tokens': 0}}, 'model_name': 'gpt-4o-mini-2024-07-18', 'system_fingerprint': 'fp_560af6e559', 'finish_reason': 'stop', 'logprobs': None}, 'type': 'ai', 'name': None, 'id': 'run-64fe1a4c-f703-4908-94da-a312618a098f-0', 'example': False, 'tool_calls': [], 'invalid_tool_calls': [], 'usage_metadata': {'input_tokens': 45, 'output_tokens': 14, 'total_tokens': 59}}
2025-08-27-20-08-57|ARTICLE_WRITER|TRANSLATE|gpt-4o-mini|0|AI Agents and Human Creativity: Collaboration, Not Competition|1.28|{'content': 'Agents IA et Créativité Humaine : Collaboration, Pas Compétition', 'additional_kwargs': {'refusal': None}, 'response_metadata': {'token_usage': {'completion_tokens': 15, 'prompt_tokens': 48, 'total_tokens': 63, 'completion_tokens_details': {'accepted_prediction_tokens': 0, 'audio_tokens': 0, 'reasoning_tokens': 0, 'rejected_prediction_tokens': 0}, 'prompt_tokens_details': {'audio_tokens': 0, 'cached_tokens': 0}}, 'model_name': 'gpt-4o-mini-2024-07-18', 'system_fingerprint': 'fp_560af6e559', 'finish_reason': 'stop', 'logprobs': None}, 'type': 'ai', 'name': None, 'id': 'run-96985ae7-065c-417f-a66c-a4cf359e9c6a-0', 'example': False, 'tool_calls': [], 'invalid_tool_calls': [], 'usage_metadata': {'input_tokens': 48, 'output_tokens': 15, 'total_tokens': 63}}
