id|question|contexts|metadata
2267ceda-69dd-4aab-b2cb-8c4e302dfe4c|What was the climate change about last year?|Climate change poses significant risks to global food security and agricultural systems, threatening the livelihoods of billions of people worldwide and challenging the fundamental stability of food production networks. Rising temperatures, altered precipitation patterns, and increased frequency of extreme weather events are disrupting traditional farming practices and crop yields across different geographic regions. Agricultural communities face unprecedented challenges as changing climate conditions affect soil quality, water availability, and pest populations, forcing farmers to adapt their cultivation methods and crop selections. Developing nations are particularly vulnerable to these impacts, as their agricultural sectors often lack the resources and technology needed for rapid adaptation to changing environmental conditions. Food price volatility has increased as supply chains become more susceptible to climate-related disruptions, affecting global markets and food accessibility for vulnerable populations. Scientists and agricultural experts are developing climate-resilient crop varieties, implementing sustainable farming practices, and creating early warning systems to help communities prepare for climate-related challenges. International cooperation and investment in agricultural research, infrastructure development, and technology transfer are essential for building resilient food systems capable of feeding a growing global population while mitigating environmental impacts. The urgency of addressing climate change's agricultural impacts cannot be overstated, as food security represents a fundamental human need and economic stability factor.|{'author': 'Maria Rodriguez', 'keywords_str': 'climate change, food security, agriculture', 'year': 2022, 'source': 'journal_article'}
2267ceda-69dd-4aab-b2cb-8c4e302dfe4c|Why was food price volatility so high?|Climate change poses significant risks to global food security and agricultural systems, threatening the livelihoods of billions of people worldwide and challenging the fundamental stability of food production networks. Rising temperatures, altered precipitation patterns, and increased frequency of extreme weather events are disrupting traditional farming practices and crop yields across different geographic regions. Agricultural communities face unprecedented challenges as changing climate conditions affect soil quality, water availability, and pest populations, forcing farmers to adapt their cultivation methods and crop selections. Developing nations are particularly vulnerable to these impacts, as their agricultural sectors often lack the resources and technology needed for rapid adaptation to changing environmental conditions. Food price volatility has increased as supply chains become more susceptible to climate-related disruptions, affecting global markets and food accessibility for vulnerable populations. Scientists and agricultural experts are developing climate-resilient crop varieties, implementing sustainable farming practices, and creating early warning systems to help communities prepare for climate-related challenges. International cooperation and investment in agricultural research, infrastructure development, and technology transfer are essential for building resilient food systems capable of feeding a growing global population while mitigating environmental impacts. The urgency of addressing climate change's agricultural impacts cannot be overstated, as food security represents a fundamental human need and economic stability factor.|{'keywords_str': 'climate change, food security, agriculture', 'author': 'Maria Rodriguez', 'source': 'journal_article', 'year': 2022}
ac412bdd-1013-4e89-b6c4-0cdca7c0edfb|What does CRISPR-Cas9 enable?|Genetic editing techniques show promise for treating previously incurable diseases, offering hope to millions of patients worldwide who suffer from inherited disorders, cancer, and other conditions that have resisted traditional therapeutic approaches for generations. CRISPR-Cas9 and other advanced gene editing technologies enable precise modifications to DNA sequences, allowing scientists to correct genetic defects, enhance immune system responses, and develop personalized treatments tailored to individual patient genetics and disease characteristics. Clinical trials are demonstrating remarkable success in treating conditions like sickle cell disease, Duchenne muscular dystrophy, and certain types of cancer, with some patients experiencing complete remission after receiving genetically modified cell therapies. The potential applications of genetic editing extend beyond treating existing diseases to preventing hereditary conditions from being passed to future generations, raising important ethical questions about human enhancement and the appropriate limits of genetic intervention. Regulatory agencies are carefully evaluating the safety and efficacy of genetic editing therapies while developing frameworks to ensure responsible research and clinical application of these powerful technologies. Scientists emphasize the importance of rigorous testing, informed consent processes, and equitable access to genetic treatments to prevent these revolutionary therapies from exacerbating existing healthcare disparities. International collaboration and knowledge sharing are accelerating genetic editing research while establishing ethical guidelines and safety standards that protect patients and maintain public trust in genetic medicine's potential to transform healthcare delivery and outcomes.|{'year': 2024, 'source': 'biotech_research', 'keywords_str': 'genetic editing, CRISPR, medical research', 'author': 'Dr. Emma Watson'}
af9586c4-eba3-42a0-b21c-1fbc9ec83f6d|Optimise self driving?|Urban planning strategies are adapting to accommodate autonomous vehicles, fundamentally reimagining city infrastructure, transportation networks, and land use patterns to optimize the benefits of self-driving technology while addressing potential challenges and unintended consequences. City planners and transportation engineers are redesigning road systems, parking facilities, and traffic management systems to support seamless integration of autonomous vehicles with existing transportation modes, including public transit, cycling, and pedestrian infrastructure. The widespread adoption of autonomous vehicles promises to reduce traffic congestion, lower accident rates, and improve mobility access for elderly and disabled populations who may face challenges with traditional transportation options. However, this technological transition also raises concerns about potential increases in vehicle miles traveled, urban sprawl, and impacts on public transportation ridership and funding sustainability. Smart city initiatives are incorporating autonomous vehicle capabilities into comprehensive urban planning frameworks that address housing, economic development, environmental sustainability, and social equity considerations. Planners must consider the implications of reduced parking demand, which could free up valuable urban land for housing, parks, and commercial development, while ensuring that autonomous vehicle benefits are accessible to all income levels and communities. Collaboration between technology companies, government agencies, and community stakeholders is essential for developing autonomous vehicle policies and infrastructure investments that support inclusive, sustainable urban development while maximizing the societal benefits of this transformative transportation technology.|{'keywords_str': 'urban planning, autonomous vehicles, infrastructure', 'year': 2023, 'source': 'urban_studies_journal', 'author': 'City Planning Institute'}
id|question|contexts|metadata
dd985f73-6064-4de0-9936-b0c4b2e998d1|What was the climate change about last year?|Climate change poses significant risks to global food security and agricultural systems, threatening the livelihoods of billions of people worldwide and challenging the fundamental stability of food production networks. Rising temperatures, altered precipitation patterns, and increased frequency of extreme weather events are disrupting traditional farming practices and crop yields across different geographic regions. Agricultural communities face unprecedented challenges as changing climate conditions affect soil quality, water availability, and pest populations, forcing farmers to adapt their cultivation methods and crop selections. Developing nations are particularly vulnerable to these impacts, as their agricultural sectors often lack the resources and technology needed for rapid adaptation to changing environmental conditions. Food price volatility has increased as supply chains become more susceptible to climate-related disruptions, affecting global markets and food accessibility for vulnerable populations. Scientists and agricultural experts are developing climate-resilient crop varieties, implementing sustainable farming practices, and creating early warning systems to help communities prepare for climate-related challenges. International cooperation and investment in agricultural research, infrastructure development, and technology transfer are essential for building resilient food systems capable of feeding a growing global population while mitigating environmental impacts. The urgency of addressing climate change's agricultural impacts cannot be overstated, as food security represents a fundamental human need and economic stability factor.|{'year': 2022, 'keywords_str': 'climate change, food security, agriculture', 'author': 'Maria Rodriguez', 'source': 'journal_article'}
dd985f73-6064-4de0-9936-b0c4b2e998d1|Why was food price volatility so high?|Climate change poses significant risks to global food security and agricultural systems, threatening the livelihoods of billions of people worldwide and challenging the fundamental stability of food production networks. Rising temperatures, altered precipitation patterns, and increased frequency of extreme weather events are disrupting traditional farming practices and crop yields across different geographic regions. Agricultural communities face unprecedented challenges as changing climate conditions affect soil quality, water availability, and pest populations, forcing farmers to adapt their cultivation methods and crop selections. Developing nations are particularly vulnerable to these impacts, as their agricultural sectors often lack the resources and technology needed for rapid adaptation to changing environmental conditions. Food price volatility has increased as supply chains become more susceptible to climate-related disruptions, affecting global markets and food accessibility for vulnerable populations. Scientists and agricultural experts are developing climate-resilient crop varieties, implementing sustainable farming practices, and creating early warning systems to help communities prepare for climate-related challenges. International cooperation and investment in agricultural research, infrastructure development, and technology transfer are essential for building resilient food systems capable of feeding a growing global population while mitigating environmental impacts. The urgency of addressing climate change's agricultural impacts cannot be overstated, as food security represents a fundamental human need and economic stability factor.|{'keywords_str': 'climate change, food security, agriculture', 'author': 'Maria Rodriguez', 'source': 'journal_article', 'year': 2022}
7a0dade3-393f-42e6-9cc0-1f9e855a5ea9|What does CRISPR-Cas9 enable?|Genetic editing techniques show promise for treating previously incurable diseases, offering hope to millions of patients worldwide who suffer from inherited disorders, cancer, and other conditions that have resisted traditional therapeutic approaches for generations. CRISPR-Cas9 and other advanced gene editing technologies enable precise modifications to DNA sequences, allowing scientists to correct genetic defects, enhance immune system responses, and develop personalized treatments tailored to individual patient genetics and disease characteristics. Clinical trials are demonstrating remarkable success in treating conditions like sickle cell disease, Duchenne muscular dystrophy, and certain types of cancer, with some patients experiencing complete remission after receiving genetically modified cell therapies. The potential applications of genetic editing extend beyond treating existing diseases to preventing hereditary conditions from being passed to future generations, raising important ethical questions about human enhancement and the appropriate limits of genetic intervention. Regulatory agencies are carefully evaluating the safety and efficacy of genetic editing therapies while developing frameworks to ensure responsible research and clinical application of these powerful technologies. Scientists emphasize the importance of rigorous testing, informed consent processes, and equitable access to genetic treatments to prevent these revolutionary therapies from exacerbating existing healthcare disparities. International collaboration and knowledge sharing are accelerating genetic editing research while establishing ethical guidelines and safety standards that protect patients and maintain public trust in genetic medicine's potential to transform healthcare delivery and outcomes.|{'keywords_str': 'genetic editing, CRISPR, medical research', 'source': 'biotech_research', 'author': 'Dr. Emma Watson', 'year': 2024}
53e36e5a-e9b5-4a02-aa86-d3b4d1a9448e|Optimise self driving?|Urban planning strategies are adapting to accommodate autonomous vehicles, fundamentally reimagining city infrastructure, transportation networks, and land use patterns to optimize the benefits of self-driving technology while addressing potential challenges and unintended consequences. City planners and transportation engineers are redesigning road systems, parking facilities, and traffic management systems to support seamless integration of autonomous vehicles with existing transportation modes, including public transit, cycling, and pedestrian infrastructure. The widespread adoption of autonomous vehicles promises to reduce traffic congestion, lower accident rates, and improve mobility access for elderly and disabled populations who may face challenges with traditional transportation options. However, this technological transition also raises concerns about potential increases in vehicle miles traveled, urban sprawl, and impacts on public transportation ridership and funding sustainability. Smart city initiatives are incorporating autonomous vehicle capabilities into comprehensive urban planning frameworks that address housing, economic development, environmental sustainability, and social equity considerations. Planners must consider the implications of reduced parking demand, which could free up valuable urban land for housing, parks, and commercial development, while ensuring that autonomous vehicle benefits are accessible to all income levels and communities. Collaboration between technology companies, government agencies, and community stakeholders is essential for developing autonomous vehicle policies and infrastructure investments that support inclusive, sustainable urban development while maximizing the societal benefits of this transformative transportation technology.|{'keywords_str': 'urban planning, autonomous vehicles, infrastructure', 'author': 'City Planning Institute', 'source': 'urban_studies_journal', 'year': 2023}
id|question|contexts|metadata
e5eb9ee9-8102-4f34-98d4-248651de4e52|What was the climate change about last year?|Climate change poses significant risks to global food security and agricultural systems, threatening the livelihoods of billions of people worldwide and challenging the fundamental stability of food production networks. Rising temperatures, altered precipitation patterns, and increased frequency of extreme weather events are disrupting traditional farming practices and crop yields across different geographic regions. Agricultural communities face unprecedented challenges as changing climate conditions affect soil quality, water availability, and pest populations, forcing farmers to adapt their cultivation methods and crop selections. Developing nations are particularly vulnerable to these impacts, as their agricultural sectors often lack the resources and technology needed for rapid adaptation to changing environmental conditions. Food price volatility has increased as supply chains become more susceptible to climate-related disruptions, affecting global markets and food accessibility for vulnerable populations. Scientists and agricultural experts are developing climate-resilient crop varieties, implementing sustainable farming practices, and creating early warning systems to help communities prepare for climate-related challenges. International cooperation and investment in agricultural research, infrastructure development, and technology transfer are essential for building resilient food systems capable of feeding a growing global population while mitigating environmental impacts. The urgency of addressing climate change's agricultural impacts cannot be overstated, as food security represents a fundamental human need and economic stability factor.|{'keywords_str': 'climate change, food security, agriculture', 'source': 'journal_article', 'year': 2022, 'author': 'Maria Rodriguez'}
e5eb9ee9-8102-4f34-98d4-248651de4e52|Why was food price volatility so high?|Climate change poses significant risks to global food security and agricultural systems, threatening the livelihoods of billions of people worldwide and challenging the fundamental stability of food production networks. Rising temperatures, altered precipitation patterns, and increased frequency of extreme weather events are disrupting traditional farming practices and crop yields across different geographic regions. Agricultural communities face unprecedented challenges as changing climate conditions affect soil quality, water availability, and pest populations, forcing farmers to adapt their cultivation methods and crop selections. Developing nations are particularly vulnerable to these impacts, as their agricultural sectors often lack the resources and technology needed for rapid adaptation to changing environmental conditions. Food price volatility has increased as supply chains become more susceptible to climate-related disruptions, affecting global markets and food accessibility for vulnerable populations. Scientists and agricultural experts are developing climate-resilient crop varieties, implementing sustainable farming practices, and creating early warning systems to help communities prepare for climate-related challenges. International cooperation and investment in agricultural research, infrastructure development, and technology transfer are essential for building resilient food systems capable of feeding a growing global population while mitigating environmental impacts. The urgency of addressing climate change's agricultural impacts cannot be overstated, as food security represents a fundamental human need and economic stability factor.|{'keywords_str': 'climate change, food security, agriculture', 'year': 2022, 'source': 'journal_article', 'author': 'Maria Rodriguez'}
501f44f9-b1fd-4420-8dfe-eafa8fdeffe7|What does CRISPR-Cas9 enable?|Genetic editing techniques show promise for treating previously incurable diseases, offering hope to millions of patients worldwide who suffer from inherited disorders, cancer, and other conditions that have resisted traditional therapeutic approaches for generations. CRISPR-Cas9 and other advanced gene editing technologies enable precise modifications to DNA sequences, allowing scientists to correct genetic defects, enhance immune system responses, and develop personalized treatments tailored to individual patient genetics and disease characteristics. Clinical trials are demonstrating remarkable success in treating conditions like sickle cell disease, Duchenne muscular dystrophy, and certain types of cancer, with some patients experiencing complete remission after receiving genetically modified cell therapies. The potential applications of genetic editing extend beyond treating existing diseases to preventing hereditary conditions from being passed to future generations, raising important ethical questions about human enhancement and the appropriate limits of genetic intervention. Regulatory agencies are carefully evaluating the safety and efficacy of genetic editing therapies while developing frameworks to ensure responsible research and clinical application of these powerful technologies. Scientists emphasize the importance of rigorous testing, informed consent processes, and equitable access to genetic treatments to prevent these revolutionary therapies from exacerbating existing healthcare disparities. International collaboration and knowledge sharing are accelerating genetic editing research while establishing ethical guidelines and safety standards that protect patients and maintain public trust in genetic medicine's potential to transform healthcare delivery and outcomes.|{'keywords_str': 'genetic editing, CRISPR, medical research', 'year': 2024, 'author': 'Dr. Emma Watson', 'source': 'biotech_research'}
6769062f-0cd6-4d49-9c50-25bbc4e7af9a|Optimise self driving?|Urban planning strategies are adapting to accommodate autonomous vehicles, fundamentally reimagining city infrastructure, transportation networks, and land use patterns to optimize the benefits of self-driving technology while addressing potential challenges and unintended consequences. City planners and transportation engineers are redesigning road systems, parking facilities, and traffic management systems to support seamless integration of autonomous vehicles with existing transportation modes, including public transit, cycling, and pedestrian infrastructure. The widespread adoption of autonomous vehicles promises to reduce traffic congestion, lower accident rates, and improve mobility access for elderly and disabled populations who may face challenges with traditional transportation options. However, this technological transition also raises concerns about potential increases in vehicle miles traveled, urban sprawl, and impacts on public transportation ridership and funding sustainability. Smart city initiatives are incorporating autonomous vehicle capabilities into comprehensive urban planning frameworks that address housing, economic development, environmental sustainability, and social equity considerations. Planners must consider the implications of reduced parking demand, which could free up valuable urban land for housing, parks, and commercial development, while ensuring that autonomous vehicle benefits are accessible to all income levels and communities. Collaboration between technology companies, government agencies, and community stakeholders is essential for developing autonomous vehicle policies and infrastructure investments that support inclusive, sustainable urban development while maximizing the societal benefits of this transformative transportation technology.|{'year': 2023, 'keywords_str': 'urban planning, autonomous vehicles, infrastructure', 'author': 'City Planning Institute', 'source': 'urban_studies_journal'}
id|question|contexts|metadata
id|question|contexts|metadata
id|question|contexts|metadata
id|question|contexts|metadata
69b8a036-74e0-440d-9d5e-8a42cd0d4efa|What was the climate change about last year?|Climate change poses significant risks to global food security and agricultural systems, threatening the livelihoods of billions of people worldwide and challenging the fundamental stability of food production networks. Rising temperatures, altered precipitation patterns, and increased frequency of extreme weather events are disrupting traditional farming practices and crop yields across different geographic regions. Agricultural communities face unprecedented challenges as changing climate conditions affect soil quality, water availability, and pest populations, forcing farmers to adapt their cultivation methods and crop selections. Developing nations are particularly vulnerable to these impacts, as their agricultural sectors often lack the resources and technology needed for rapid adaptation to changing environmental conditions. Food price volatility has increased as supply chains become more susceptible to climate-related disruptions, affecting global markets and food accessibility for vulnerable populations. Scientists and agricultural experts are developing climate-resilient crop varieties, implementing sustainable farming practices, and creating early warning systems to help communities prepare for climate-related challenges. International cooperation and investment in agricultural research, infrastructure development, and technology transfer are essential for building resilient food systems capable of feeding a growing global population while mitigating environmental impacts. The urgency of addressing climate change's agricultural impacts cannot be overstated, as food security represents a fundamental human need and economic stability factor.|{'keywords_str': 'climate change, food security, agriculture', 'year': 2022, 'source': 'journal_article', 'author': 'Maria Rodriguez'}
69b8a036-74e0-440d-9d5e-8a42cd0d4efa|Why was food price volatility so high?|Climate change poses significant risks to global food security and agricultural systems, threatening the livelihoods of billions of people worldwide and challenging the fundamental stability of food production networks. Rising temperatures, altered precipitation patterns, and increased frequency of extreme weather events are disrupting traditional farming practices and crop yields across different geographic regions. Agricultural communities face unprecedented challenges as changing climate conditions affect soil quality, water availability, and pest populations, forcing farmers to adapt their cultivation methods and crop selections. Developing nations are particularly vulnerable to these impacts, as their agricultural sectors often lack the resources and technology needed for rapid adaptation to changing environmental conditions. Food price volatility has increased as supply chains become more susceptible to climate-related disruptions, affecting global markets and food accessibility for vulnerable populations. Scientists and agricultural experts are developing climate-resilient crop varieties, implementing sustainable farming practices, and creating early warning systems to help communities prepare for climate-related challenges. International cooperation and investment in agricultural research, infrastructure development, and technology transfer are essential for building resilient food systems capable of feeding a growing global population while mitigating environmental impacts. The urgency of addressing climate change's agricultural impacts cannot be overstated, as food security represents a fundamental human need and economic stability factor.|{'source': 'journal_article', 'year': 2022, 'author': 'Maria Rodriguez', 'keywords_str': 'climate change, food security, agriculture'}
8a2fb5a6-9f44-4cc3-ad4d-6551404a0e15|What does CRISPR-Cas9 enable?|Genetic editing techniques show promise for treating previously incurable diseases, offering hope to millions of patients worldwide who suffer from inherited disorders, cancer, and other conditions that have resisted traditional therapeutic approaches for generations. CRISPR-Cas9 and other advanced gene editing technologies enable precise modifications to DNA sequences, allowing scientists to correct genetic defects, enhance immune system responses, and develop personalized treatments tailored to individual patient genetics and disease characteristics. Clinical trials are demonstrating remarkable success in treating conditions like sickle cell disease, Duchenne muscular dystrophy, and certain types of cancer, with some patients experiencing complete remission after receiving genetically modified cell therapies. The potential applications of genetic editing extend beyond treating existing diseases to preventing hereditary conditions from being passed to future generations, raising important ethical questions about human enhancement and the appropriate limits of genetic intervention. Regulatory agencies are carefully evaluating the safety and efficacy of genetic editing therapies while developing frameworks to ensure responsible research and clinical application of these powerful technologies. Scientists emphasize the importance of rigorous testing, informed consent processes, and equitable access to genetic treatments to prevent these revolutionary therapies from exacerbating existing healthcare disparities. International collaboration and knowledge sharing are accelerating genetic editing research while establishing ethical guidelines and safety standards that protect patients and maintain public trust in genetic medicine's potential to transform healthcare delivery and outcomes.|{'year': 2024, 'source': 'biotech_research', 'keywords_str': 'genetic editing, CRISPR, medical research', 'author': 'Dr. Emma Watson'}
cde31609-587d-4b68-a4d7-5f936c58b3bd|Optimise self driving?|Urban planning strategies are adapting to accommodate autonomous vehicles, fundamentally reimagining city infrastructure, transportation networks, and land use patterns to optimize the benefits of self-driving technology while addressing potential challenges and unintended consequences. City planners and transportation engineers are redesigning road systems, parking facilities, and traffic management systems to support seamless integration of autonomous vehicles with existing transportation modes, including public transit, cycling, and pedestrian infrastructure. The widespread adoption of autonomous vehicles promises to reduce traffic congestion, lower accident rates, and improve mobility access for elderly and disabled populations who may face challenges with traditional transportation options. However, this technological transition also raises concerns about potential increases in vehicle miles traveled, urban sprawl, and impacts on public transportation ridership and funding sustainability. Smart city initiatives are incorporating autonomous vehicle capabilities into comprehensive urban planning frameworks that address housing, economic development, environmental sustainability, and social equity considerations. Planners must consider the implications of reduced parking demand, which could free up valuable urban land for housing, parks, and commercial development, while ensuring that autonomous vehicle benefits are accessible to all income levels and communities. Collaboration between technology companies, government agencies, and community stakeholders is essential for developing autonomous vehicle policies and infrastructure investments that support inclusive, sustainable urban development while maximizing the societal benefits of this transformative transportation technology.|{'source': 'urban_studies_journal', 'author': 'City Planning Institute', 'year': 2023, 'keywords_str': 'urban planning, autonomous vehicles, infrastructure'}
